종목명,자격구분,주무부처
세무사,국가전문자격,국세청
관세사,국가전문자격,관세청
관광통역안내사(영어),국가전문자격,문화체육관광부
국내여행안내사,국가전문자격,문화체육관광부
호텔경영사,국가전문자격,문화체육관광부
호텔관리사,국가전문자격,문화체육관광부
관광통역안내사(불어),국가전문자격,문화체육관광부
정수시설운영관리사3급,국가전문자격,환경부
정수시설운영관리사2급,국가전문자격,환경부
정수시설운영관리사1급,국가전문자격,환경부
기계경비지도사,국가전문자격,경찰청
일반경비지도사,국가전문자격,경찰청
문화재수리기술자(식물보호),국가전문자격,문화재청
문화재수리기술자(보존과학),국가전문자격,문화재청
관광통역안내사(독어),국가전문자격,문화체육관광부
관광통역안내사(스페인어),국가전문자격,문화체육관광부
관광통역안내사(러시아어),국가전문자격,문화체육관광부
검량사,국가전문자격,해양수산부
감정사,국가전문자격,해양수산부
관광통역안내사(일본어),국가전문자격,문화체육관광부
한국어교육능력검정시험,국가전문자격,문화체육관광부
문화재수리기술자(조경),국가전문자격,문화재청
문화재수리기술자(실측설계),국가전문자격,문화재청
문화재수리기술자(보수),국가전문자격,문화재청
문화재수리기술자(단청),국가전문자격,문화재청
가맹거래사,국가전문자격,공정거래위원회
박물관및미술관준학예사,국가전문자격,문화체육관광부
사회복지사 1급,국가전문자격,보건복지부
변리사,국가전문자격,특허청
공인노무사,국가전문자격,고용노동부
물류관리사,국가전문자격,국토교통부
농산물품질관리사,국가전문자격,농림축산식품부
주택관리사보,국가전문자격,국토교통부
소방시설관리사,국가전문자격,소방청
소방안전교육사,국가전문자격,소방청
공인중개사,국가전문자격,국토교통부
경영지도사(1차공통),국가전문자격,중소벤처기업부
기술지도사(1차공통),국가전문자격,중소벤처기업부
검수사,국가전문자격,해양수산부
관광통역안내사(중국어),국가전문자격,문화체육관광부
호텔서비스사,국가전문자격,문화체육관광부
경영지도사(인적자원관리),국가전문자격,중소벤처기업부
경영지도사(재무관리),국가전문자격,중소벤처기업부
경영지도사(생산관리),국가전문자격,중소벤처기업부
경영지도사(마케팅),국가전문자격,중소벤처기업부
문화재수리기능자(대목수),국가전문자격,문화재청
문화재수리기능자(소목수),국가전문자격,문화재청
문화재수리기능자(가공석공),국가전문자격,문화재청
문화재수리기능자(쌓기석공),국가전문자격,문화재청
문화재수리기능자(화공),국가전문자격,문화재청
문화재수리기능자(드잡이공),국가전문자격,문화재청
문화재수리기능자(번와와공),국가전문자격,문화재청
문화재수리기능자(제작와공),국가전문자격,문화재청
문화재수리기능자(한식미장공),국가전문자격,문화재청
문화재수리기능자(철물공),국가전문자격,문화재청
문화재수리기능자(목조각공),국가전문자격,문화재청
문화재수리기능자(석조각공),국가전문자격,문화재청
문화재수리기능자(칠공),국가전문자격,문화재청
문화재수리기능자(도금공),국가전문자격,문화재청
문화재수리기능자(표구공),국가전문자격,문화재청
문화재수리기능자(조경공),국가전문자격,문화재청
문화재수리기능자(세척공),국가전문자격,문화재청
문화재수리기능자(보존처리공),국가전문자격,문화재청
문화재수리기능자(식물보호공),국가전문자격,문화재청
문화재수리기능자(실측설계사보),국가전문자격,문화재청
문화재수리기능자(박제및표본제작공),국가전문자격,문화재청
감정평가사,국가전문자격,국토교통부
문화재수리기능자(훈증공),국가전문자격,문화재청
배관기능사보,국가기술자격,고용노동부
도자공예기능사,국가기술자격,고용노동부
산업기계정비기능사2급,국가기술자격,고용노동부
발전기계설비기능사2급,국가기술자격,고용노동부
중식조리기능사,국가기술자격,식품의약품안전처
복어조리기능사,국가기술자격,식품의약품안전처
사진기능사2급,국가기술자격,고용노동부
조주기능사,국가기술자격,식품의약품안전처
압연기능사보,국가기술자격,고용노동부
주물조형기능사보,국가기술자격,고용노동부
피아노조율기능사,국가기술자격,고용노동부
이용사,국가기술자격,보건복지부
한식조리기능사,국가기술자격,식품의약품안전처
양식조리기능사,국가기술자격,식품의약품안전처
제선기능사보,국가기술자격,고용노동부
일식조리기능사,국가기술자격,식품의약품안전처
신발류제조기능사,국가기술자격,산업통상자원부
환경기능사,국가기술자격,환경부
2급조리사,국가기술자격,보건복지부
양복재단기능사2급,국가기술자격,고용노동부
양복봉재기능사2급,국가기술자격,고용노동부
사리채취기운전기능사,국가기술자격,건설교통부
중기정비기능사보,국가기술자격,국토교통부
보일러시공기능사,국가기술자격,지식경제부
문선식자기능사2급,국가기술자격,고용노동부
초상사진기능사2급,국가기술자격,고용노동부
사진제판기능사2급(전산사진식자),국가기술자격,고용노동부
옵셋제판기능사2급,국가기술자격,고용노동부
인쇄기능사2급,국가기술자격,고용노동부
냉동식품제조기능사2급,국가기술자격,보건복지부
교환설비기능사2급,국가기술자격,정보통신부
콘크리트기능사,국가기술자격,국토교통부
직기조정기능사2급,국가기술자격,고용노동부
자기비파괴검사기능사,국가기술자격,과학기술정보통신부
침투비파괴검사기능사,국가기술자격,과학기술정보통신부
한복기능사,국가기술자격,문화체육관광부
선체의장기능사,국가기술자격,고용노동부
광산보안기능사2급,국가기술자격,산업자원부
굴착기능사2급,국가기술자격,산업자원부
정보기기운용기능사,국가기술자격,과학기술정보통신부
전산응용조선제도기능사,국가기술자격,산업통상자원부
선체건조기능사,국가기술자격,산업통상자원부
침염기능사2급,국가기술자격,고용노동부
제직기능사2급,국가기술자격,고용노동부
나염기능사2급,국가기술자격,고용노동부
염색기능사(침염),국가기술자격,고용노동부
정보처리기능사,국가기술자격,과학기술정보통신부
염색기능사(날염),국가기술자격,고용노동부
석공기능사,국가기술자격,산업통상자원부
토목재료시험기능사2급,국가기술자격,고용노동부
철도토목기능사,국가기술자격,국토교통부
전자계산기기능사,국가기술자격,과학기술정보통신부
화학분석기능사,국가기술자격,산업통상자원부
화학분쇄혼합기능사2급,국가기술자격,고용노동부
염색기능사2급,국가기술자격,고용노동부
정련표백기능사2급,국가기술자격,고용노동부
도배기능사,국가기술자격,국토교통부
화학반응기기조작기능사2급,국가기술자격,고용노동부
전기공사기능사,국가기술자격,지식경제부
철도신호기능사,국가기술자격,국토해양부
전기철도기능사,국가기술자격,국토해양부
음향영상기기기능사2급,국가기술자격,고용노동부
전자기기기능사,국가기술자격,고용노동부
타일기능사,국가기술자격,국토교통부
방적기보전기능사2급,국가기술자격,고용노동부
방적기조정기능사2급,국가기술자격,고용노동부
건축도장기능사,국가기술자격,국토교통부
석공예기능사,국가기술자격,산업통상자원부
전자계산기조작기능사2급,국가기술자격,고용노동부
고압가스화학기능사2급,국가기술자격,산업자원부
발전설비기능사2급,국가기술자격,산업자원부
전기기기(1)기능사2급,국가기술자격,고용노동부
전기기기(2)기능사2급,국가기술자격,고용노동부
유리시공기능사,국가기술자격,국토교통부
실내건축기능사,국가기술자격,국토교통부
온돌기능사2급,국가기술자격,건설교통부
온수온돌기능사,국가기술자격,국토교통부
구들온돌기능사2급,국가기술자격,건설교통부
거푸집기능사,국가기술자격,국토교통부
비계기능사,국가기술자격,국토교통부
비파괴검사기능사2급,국가기술자격,과학기술정보통신부
귀금속가공기능사,국가기술자격,고용노동부
방사선비파괴검사기능사,국가기술자격,과학기술정보통신부
항공사진기능사,국가기술자격,국토교통부
광학기능사,국가기술자격,산업통상자원부
지도제작기능사,국가기술자격,국토교통부
초음파비파괴검사기능사,국가기술자격,과학기술정보통신부
수편기능사2급,국가기술자격,고용노동부
수자수기능사2급,국가기술자격,고용노동부
기계자수기능사2급,국가기술자격,고용노동부
나전칠기기능사2급,국가기술자격,고용노동부
펄프제지기능사,국가기술자격,산림청
목질재료기능사,국가기술자격,산림청
건설재료시험기능사,국가기술자격,국토교통부
가구제작기능사,국가기술자격,국토교통부
유선설비기능사2급,국가기술자격,과학기술정보통신부
금속도장기능사,국가기술자격,고용노동부
전신전화기기기능사2급,국가기술자격,정보통신부
기편기능사2급,국가기술자격,고용노동부
광산차량기계운전기능사,국가기술자격,지식경제부
광산환경기능사,국가기술자격,지식경제부
선체가공기능사2급,국가기술자격,고용노동부
스크레이퍼운전기능사,국가기술자격,건설교통부
농업기계기능사보,국가기술자격,농촌진흥청
채소재배기능사,국가기술자격,농촌진흥청
과수재배기능사,국가기술자격,농촌진흥청
제과기능사,국가기술자격,식품의약품안전처
제빵기능사,국가기술자격,식품의약품안전처
송배전설비기능사2급,국가기술자격,산업자원부
가구도장기능사,국가기술자격,고용노동부
광고도장기능사,국가기술자격,고용노동부
보석가공기능사,국가기술자격,고용노동부
화훼재배기능사,국가기술자격,농촌진흥청
조경기능사,국가기술자격,국토교통부
계량기능사2급(2류),국가기술자격,중소벤처기업부
계량기능사2급(3류),국가기술자격,중소벤처기업부
계량기능사2급(4류),국가기술자격,중소벤처기업부
도화기능사,국가기술자격,국토교통부
보석감정사,국가기술자격,고용노동부
변전설비기능사2급,국가기술자격,산업자원부
지게차운전기능사,국가기술자격,국토교통부
기어절삭기능사보,국가기술자격,고용노동부
양장재단기능사2급,국가기술자격,고용노동부
롤러운전기능사,국가기술자격,국토교통부
모터그레이더운전기능사,국가기술자격,국토교통부
양장봉재기능사2급,국가기술자격,고용노동부
양화장치운전기능사,국가기술자격,해양수산부
승강기기능사,국가기술자격,행정안전부
세탁기능사,국가기술자격,보건복지부
화약취급기능사,국가기술자격,경찰청
정보통신설비기능사2급,국가기술자격,정보통신부
아스팔트피니셔운전기능사,국가기술자격,국토교통부
쇄석기운전기능사,국가기술자격,건설교통부
수산양식기능사,국가기술자격,해양수산부
로더운전기능사,국가기술자격,국토교통부
목공예기능사,국가기술자격,산림청
직기보전기능사2급,국가기술자격,고용노동부
축산기능사,국가기술자격,농림축산식품부
식육처리기능사,국가기술자격,농림축산식품부
버섯종균기능사,국가기술자격,농촌진흥청
자동차검사기능사,국가기술자격,국토해양부
기중기운전기능사,국가기술자격,국토교통부
굴착기운전기능사,국가기술자격,국토교통부
불도저운전기능사,국가기술자격,국토교통부
산림기능사,국가기술자격,산림청
식물보호기능사2급,국가기술자격,농촌진흥청
농예화학기능사2급,국가기술자격,농촌진흥청
목재가공기능사,국가기술자격,산림청
수산식품가공기능사,국가기술자격,보건복지부
열관리기능사,국가기술자격,산업자원부
계량기능사2급(5류),국가기술자격,중소벤처기업부
계량기능사2급(6류),국가기술자격,중소벤처기업부
계량기능사2급(7류),국가기술자격,중소벤처기업부
계량기능사2급(8류),국가기술자격,중소벤처기업부
계량기능사2급(9류),국가기술자격,중소벤처기업부
계량기능사2급(10류),국가기술자격,중소벤처기업부
계량기능사2급(11류),국가기술자격,중소벤처기업부
계량기능사2급(12류),국가기술자격,중소벤처기업부
계량기능사2급(13류),국가기술자격,중소벤처기업부
잠수기능사,국가기술자격,해양수산부
종자기능사,국가기술자격,농촌진흥청
어간유제조기능사2급,국가기술자격,해양수산부
한천제조기능사2급,국가기술자격,해양수산부
계량기능사2급(14류),국가기술자격,중소벤처기업부
계량기능사2급(15류),국가기술자격,중소벤처기업부
계량기계기능사,국가기술자격,지식경제부
계량물리기능사,국가기술자격,지식경제부
계량전기기능사,국가기술자격,지식경제부
계량기능사2급(1류),국가기술자격,중소벤처기업부
축산식품가공기능사,국가기술자격,보건복지부
스크린인쇄기능사,국가기술자격,고용노동부
지적기능사,국가기술자격,국토교통부
지적기능사2급,국가기술자격,행정안전부
임업종묘기능사,국가기술자격,산림청
철근기능사,국가기술자격,국토교통부
철골기능사2급,국가기술자격,고용노동부
창호제작기능사2급,국가기술자격,국토교통부
통조림제조기능사2급,국가기술자격,보건복지부
전자조판기능사,국가기술자격,고용노동부
유선통신설비기능사2급,국가기술자격,고용노동부
축소사진기능사,국가기술자격,고용노동부
상업사진기능사2급,국가기술자격,고용노동부
보도사진기능사2급,국가기술자격,고용노동부
사진기능사,국가기술자격,고용노동부
컴퓨터그래픽스운용기능사,국가기술자격,산업통상자원부
사진제판기능사,국가기술자격,고용노동부
기계가공기능사2급,국가기술자격,고용노동부
기계가공조립기능사,국가기술자격,고용노동부
공조냉동기계기능사,국가기술자격,산업통상자원부
고압가스취급기능사2급,국가기술자격,산업자원부
가스기능사,국가기술자격,산업통상자원부
직업상담사2급,국가기술자격,고용노동부
사회조사분석사1급,국가기술자격,통계청
사회조사분석사2급,국가기술자격,통계청
세라믹기능사1급,국가기술자격,고용노동부
고분자제품제조기능사1급,국가기술자격,고용노동부
무선설비기능사1급,국가기술자격,정보통신부
지하수기능사1급,국가기술자격,고용노동부
섬유기계기능사1급,국가기술자격,고용노동부
선반기능사,국가기술자격,고용노동부
산업기계정비기능사1급,국가기술자격,고용노동부
발전기계설비기능사1급,국가기술자격,고용노동부
냉동식품제조기능사1급,국가기술자격,해양수산부
수치제어선반기능사,국가기술자격,고용노동부
도자기공예기능사1급,국가기술자격,고용노동부
고압합성기능사1급,국가기술자격,고용노동부
유기합성기능사1급,국가기술자격,고용노동부
섬유제도디자인기능사1급,국가기술자격,고용노동부
인판공예기능사1급,국가기술자격,고용노동부
문선식자기능사1급,국가기술자격,고용노동부
중기검사기능사1급,국가기술자격,건설교통부
전기기기기능사1급,국가기술자격,고용노동부
교환설비기능사1급,국가기술자격,정보통신부
피아노조율기능사1급,국가기술자격,고용노동부
시설원예기능사보,국가기술자격,농촌진흥청
산림기능사1급,국가기술자격,산림청
식물보호산업기사,국가기술자격,농촌진흥청
유선통신선로기능사1급,국가기술자격,정보통신부
어로기능사1급,국가기술자격,해양수산부
제화제갑기능사보,국가기술자격,고용노동부
잠수기능사1급,국가기술자격,해양수산부
임업종묘기능사1급,국가기술자격,산림청
농예화학기능사1급,국가기술자격,농촌진흥청
기계정비기능사,국가기술자격,고용노동부
건축목공기능사,국가기술자격,국토교통부
건축재료시험기능사2급,국가기술자격,고용노동부
화학열기기조작기능사2급,국가기술자격,고용노동부
화학분리기기조작기능사2급,국가기술자격,고용노동부
자동전신기기기능사2급,국가기술자격,정보통신부
목재창호기능사,국가기술자격,국토해양부
금속재창호기능사,국가기술자격,국토교통부
미장기능사,국가기술자격,국토교통부
열처리기능사,국가기술자격,산업통상자원부
제지기능사2급,국가기술자격,고용노동부
위험물취급기능사2급,국가기술자격,행정안전부
방수기능사,국가기술자격,국토교통부
건축제도기능사,국가기술자격,국토해양부
전산응용건축제도기능사,국가기술자격,고용노동부
조적기능사,국가기술자격,국토교통부
인수통합종목,국가기술자격,고용노동부
양식조리산업기사,국가기술자격,식품의약품안전처
일식조리산업기사,국가기술자격,식품의약품안전처
중식조리산업기사,국가기술자격,식품의약품안전처
유리제조기능사2급,국가기술자격,고용노동부
복어조리산업기사,국가기술자격,식품의약품안전처
토목제도기능사,국가기술자격,국토해양부
측량기능사,국가기술자격,국토교통부
축로기능사,국가기술자격,고용노동부
정밀측정기능사2급,국가기술자격,산업자원부
정밀가공기능사2급,국가기술자격,고용노동부
화학유화기기조작기능사2급,국가기술자격,고용노동부
도자기제조기능사2급,국가기술자격,고용노동부
제강기능사(연속주조),국가기술자격,고용노동부
코크스기능사2급,국가기술자격,고용노동부
다듬질기능사,국가기술자격,고용노동부
건설기계차체정비기능사,국가기술자격,국토해양부
농기계정비기능사,국가기술자격,농촌진흥청
원형기능사,국가기술자격,고용노동부
압연기능사2급,국가기술자격,고용노동부
열간압연기능사,국가기술자격,고용노동부
냉간압연기능사,국가기술자격,고용노동부
제선기능사2급,국가기술자격,고용노동부
제강기능사2급,국가기술자격,고용노동부
항공기관정비기능사,국가기술자격,국토교통부
항공장비정비기능사,국가기술자격,국토교통부
항공전자정비기능사,국가기술자격,국토교통부
자동차정비기능사,국가기술자격,국토교통부
제강기능사(전로),국가기술자격,고용노동부
제강기능사(전기로),국가기술자격,고용노동부
주조기능사,국가기술자격,고용노동부
자동차기관정비기능사2급,국가기술자격,건설교통부
자동차새시정비기능사2급,국가기술자격,건설교통부
자동차전기정비기능사2급,국가기술자격,건설교통부
자동차차체수리기능사,국가기술자격,국토교통부
중기정비기능사2급,국가기술자격,국토교통부
항공기체정비기능사,국가기술자격,국토교통부
제화저부기능사보,국가기술자격,고용노동부
특수도금기능사,국가기술자격,고용노동부
금속재료시험기능사,국가기술자격,산업통상자원부
제선기능사,국가기술자격,고용노동부
주산1급,국가기술자격,고용노동부
주산2급,국가기술자격,고용노동부
정밀설계기능사2급,국가기술자격,고용노동부
건설기계기관정비기능사,국가기술자격,국토해양부
사진기능사보,국가기술자격,고용노동부
1급조리사,국가기술자격,보건복지부
영사기능사1급,국가기술자격,문화관광부
기계전자기능사1급,국가기술자격,고용노동부
주물용해기능사2급,국가기술자격,고용노동부
주물조형기능사2급,국가기술자격,고용노동부
담배제조기능사2급,국가기술자격,고용노동부
시스템제어기능사1급,국가기술자격,고용노동부
가스용접기능사,국가기술자격,고용노동부
자동차새시기능사2급,국가기술자격,건설교통부
자동차기관기능사2급,국가기술자격,건설교통부
자동차정비기능사2급,국가기술자격,건설교통부
자동차전기기능사2급,국가기술자격,건설교통부
계량기능사2급,국가기술자격,중소벤처기업부
철골구조물기능사,국가기술자격,고용노동부
배관기능사2급,국가기술자격,고용노동부
전기용접기능사,국가기술자격,고용노동부
용접기능사2급,국가기술자격,고용노동부
기계제도기능사,국가기술자격,고용노동부
전산응용기계제도기능사,국가기술자격,고용노동부
타출판금기능사,국가기술자격,고용노동부
판금기능사2급,국가기술자격,고용노동부
자동차판금기능사2급,국가기술자격,고용노동부
공유압기능사1급,국가기술자격,고용노동부
제관기능사,국가기술자격,고용노동부
정밀측정기능사,국가기술자격,산업통상자원부
정보통신설비기능사1급,국가기술자격,정보통신부
보일러취급기능사,국가기술자격,지식경제부
철도동력차기관정비기능사,국가기술자격,국토해양부
기계검사및설치기능사2급,국가기술자격,산업자원부
금형공구기능사2급,국가기술자격,산업통상자원부
프레스금형기능사,국가기술자격,지식경제부
사출금형기능사,국가기술자격,지식경제부
철도동력차전기정비기능사,국가기술자격,국토해양부
객화차정비기능사,국가기술자격,국토해양부
농기계운전기능사,국가기술자격,농촌진흥청
고압가스기계기능사2급,국가기술자격,산업자원부
밀링기능사,국가기술자격,고용노동부
수치제어밀링기능사,국가기술자격,고용노동부
프레스금형기능사1급,국가기술자격,산업자원부
사출금형기능사1급,국가기술자격,산업자원부
밀링기능사1급,국가기술자격,고용노동부
연삭기능사1급,국가기술자격,고용노동부
위험물취급기능사1급,국가기술자격,행정안전부
굴착기능사1급,국가기술자격,산업자원부
건축일반시공기능사1급,국가기술자격,건설교통부
주강용해기능사1급,국가기술자격,고용노동부
주물사처리기능사1급,국가기술자격,고용노동부
주물조형기능사1급,국가기술자격,고용노동부
주강조형기능사1급,국가기술자격,고용노동부
방사기능사1급,국가기술자격,고용노동부
방적기보전기능사1급,국가기술자격,고용노동부
방적기조정기능사1급,국가기술자격,고용노동부
생사기능사1급,국가기술자격,농촌진흥청
직기보전기능사1급,국가기술자격,고용노동부
직기조정기능사1급,국가기술자격,고용노동부
주조기능사1급,국가기술자격,고용노동부
도금기능사1급,국가기술자격,고용노동부
금속재료시험기능사1급,국가기술자격,고용노동부
금속재료기능사1급,국가기술자격,산업자원부
제선기능사1급,국가기술자격,고용노동부
철도동력차전기정비기능사1급,국가기술자격,건설교통부
열차조작기능사1급,국가기술자격,건설교통부
객화차정비기능사1급,국가기술자격,건설교통부
조적기능사1급,국가기술자격,고용노동부
자동차검사기능사1급,국가기술자격,건설교통부
건설기계정비기능사1급,국가기술자격,건설교통부
항공정비기능사1급,국가기술자격,건설교통부
전산응용가공기능사1급,국가기술자격,고용노동부
일반판금기능사1급,국가기술자격,고용노동부
타출판금기능사1급,국가기술자격,고용노동부
판금기능사1급,국가기술자격,고용노동부
자동차판금기능사1급,국가기술자격,고용노동부
제관기능사1급,국가기술자격,고용노동부
철골구조물기능사1급,국가기술자격,고용노동부
측량기능사1급,국가기술자격,건설교통부
정보처리기능사1급,국가기술자격,정보통신부
건설재료기능사1급,국가기술자격,건설교통부
보선기능사1급,국가기술자격,건설교통부
전신전화기기기능사1급,국가기술자격,정보통신부
자동전신기기기능사1급,국가기술자격,정보통신부
배관기능사1급,국가기술자격,고용노동부
용접기능사1급,국가기술자격,고용노동부
정밀설계기능사1급,국가기술자격,산업자원부
선박조립기능사1급,국가기술자격,고용노동부
조선요철기능사1급,국가기술자격,고용노동부
조선기계절단기능사1급,국가기술자격,고용노동부
선체건조기능사1급,국가기술자격,고용노동부
전기공사기능사1급,국가기술자격,산업자원부
전산응용기계제도기능사1급,국가기술자격,고용노동부
공구제작기능사1급,국가기술자격,산업자원부
정밀측정기능사1급,국가기술자격,산업자원부
금형공구기능사1급,국가기술자격,산업통상자원부
신호보안산업기사,국가기술자격,건설교통부
라디오텔레비기능사1급,국가기술자격,고용노동부
전자기기기능사1급,국가기술자격,고용노동부
고압가스취급기능사1급,국가기술자격,산업자원부
고압가스기능사1급,국가기술자격,산업통상자원부
철도동력차기관정비기능사1급,국가기술자격,건설교통부
자동차새시기능사1급,국가기술자격,건설교통부
건축일반시공기능장,국가기술자격,국토교통부
기계가공기능사1급,국가기술자격,고용노동부
보오링기능사1급,국가기술자격,고용노동부
기계조립기능사1급,국가기술자격,고용노동부
자동차기관기능사1급,국가기술자격,건설교통부
고압가스화학기능사1급,국가기술자격,산업자원부
발전기기능사1급,국가기술자격,산업자원부
전기기기(1)기능사1급,국가기술자격,고용노동부
전기기기(2)기능사1급,국가기술자격,고용노동부
전기계측제어기능사1급,국가기술자격,고용노동부
전기설비기능사1급,국가기술자격,산업자원부
공기조화기능사1급,국가기술자격,고용노동부
거푸집기능사1급,국가기술자격,고용노동부
건축목공기능사1급,국가기술자격,건설교통부
기와기능사1급,국가기술자격,고용노동부
함석기능사1급,국가기술자격,고용노동부
타일기능사1급,국가기술자격,고용노동부
철골기능사1급,국가기술자격,고용노동부
창호제작기능사1급,국가기술자격,고용노동부
원동기취급기능사1급,국가기술자격,산업자원부
원동기시공기능사1급,국가기술자격,산업자원부
보일러기능사1급,국가기술자격,산업자원부
열처리기능사1급,국가기술자격,산업자원부
주물용해기능사1급,국가기술자격,고용노동부
농기계정비기능사1급,국가기술자격,농촌진흥청
고압가스기계기능사1급,국가기술자격,산업자원부
목재창호기능사1급,국가기술자격,건설교통부
미장기능사1급,국가기술자격,고용노동부
원형기능사1급,국가기술자격,고용노동부
압연기능사1급,국가기술자격,고용노동부
공조냉동기계기능사1급,국가기술자격,산업자원부
생산기계다기능기술자,국가기술자격,고용노동부
생산자동화다기능기술자,국가기술자격,고용노동부
자동차전기기능사1급,국가기술자격,건설교통부
자동차정비기능사1급,국가기술자격,건설교통부
제강기능사1급,국가기술자격,고용노동부
갱부기능사1급,국가기술자격,고용노동부
지적기능사1급,국가기술자격,행정안전부
유선방송설비기능사1급,국가기술자격,정보통신부
목공예기능사1급,국가기술자격,고용노동부
정련표백기능사1급,국가기술자격,고용노동부
침염기능사1급,국가기술자격,고용노동부
정보기계설비기능사1급,국가기술자격,정보통신부
식품기계기능사1급,국가기술자격,고용노동부
제화기능사1급,국가기술자격,고용노동부
인형기능사1급,국가기술자격,고용노동부
가눈섭기능사1급,국가기술자격,고용노동부
염색기능사1급,국가기술자격,고용노동부
직물가공기능사1급,국가기술자격,고용노동부
어간유제조기능사1급,국가기술자격,해양수산부
한천제조기능사1급,국가기술자격,해양수산부
식품가공기능사1급,국가기술자격,보건복지부
임산가공기능사1급,국가기술자격,산림청
옵셋제판기능사1급,국가기술자격,고용노동부
제빵기능사1급,국가기술자격,보건복지부
양복기능사1급,국가기술자격,고용노동부
양장기능사1급,국가기술자격,고용노동부
채소재배기능사1급,국가기술자격,농촌진흥청
과수재배기능사1급,국가기술자격,농촌진흥청
화훼재배기능사1급,국가기술자격,농촌진흥청
광산기계운전및수리기능사보,국가기술자격,고용노동부
인쇄기능사1급,국가기술자격,고용노동부
제과기능사1급,국가기술자격,보건복지부
덤프트럭기능사1급,국가기술자격,건설교통부
타자기수리기능사1급,국가기술자격,고용노동부
나염기능사1급,국가기술자격,고용노동부
통조림제조기능사1급,국가기술자격,해양수산부
주조조판기기능사1급,국가기술자격,고용노동부
시멘트제조기능사1급,국가기술자격,고용노동부
변전설비기능사1급,국가기술자격,산업자원부
송배전설비기능사1급,국가기술자격,산업자원부
로우더기능사1급,국가기술자격,건설교통부
아스팔트믹싱플랜트기능사1급,국가기술자격,건설교통부
준설선기능사1급,국가기술자격,건설교통부
쇄석기기능사1급,국가기술자격,건설교통부
사래채취기기능사1급,국가기술자격,건설교통부
로울러기능사1급,국가기술자격,건설교통부
모우터그레이더기능사1급,국가기술자격,건설교통부
아스팔트휘니셔기능사1급,국가기술자격,건설교통부
방수기능사1급,국가기술자격,건설교통부
포장기능사1급,국가기술자격,건설교통부
지형연판기능사1급,국가기술자격,고용노동부
콘크리트믹서기능사1급,국가기술자격,건설교통부
지게차기능사1급,국가기술자격,건설교통부
자수기능사1급,국가기술자격,고용노동부
한복기능사1급,국가기술자격,고용노동부
농화학기능사1급,국가기술자격,농촌진흥청
기중기기능사1급,국가기술자격,건설교통부
비파괴검사기능사1급,국가기술자격,과학기술정보통신부
금속공예기능사1급,국가기술자격,고용노동부
스크레이퍼기능사1급,국가기술자격,건설교통부
편물기능사1급,국가기술자격,고용노동부
귀금속가공기능사1급,국가기술자격,고용노동부
물리탐광기능사1급,국가기술자격,고용노동부
선광기능사1급,국가기술자격,산업자원부
광산기계설치기능사1급,국가기술자격,고용노동부
광산기계운전및수리기능사1급,국가기술자격,고용노동부
기편기능사1급,국가기술자격,고용노동부
수편기능사1급,국가기술자격,고용노동부
공업전자기기기능사1급,국가기술자격,고용노동부
전자계산기조작기능사1급,국가기술자격,고용노동부
전자계산기기능사1급,국가기술자격,고용노동부
유선설비기능사1급,국가기술자격,고용노동부
수자수기능사1급,국가기술자격,고용노동부
기계자수기능사1급,국가기술자격,고용노동부
나전칠기기능사1급,국가기술자격,고용노동부
열처리기능장,국가기술자격,고용노동부
소방설비산업기사,국가기술자격,행정안전부
계량기계산업기사,국가기술자격,지식경제부
계량물리산업기사,국가기술자격,지식경제부
주조기능장,국가기술자격,고용노동부
표면처리기능장,국가기술자격,고용노동부
자동차정비기능장,국가기술자격,국토교통부
건설기계정비기능장,국가기술자격,국토교통부
교통산업기사,국가기술자격,국토교통부
귀금속가공산업기사,국가기술자격,고용노동부
어로산업기사,국가기술자격,해양수산부
계량기사2급,국가기술자격,중소벤처기업부
고압가스기계기능장,국가기술자격,고용노동부
철도차량정비기능장,국가기술자격,국토교통부
정밀가공및측정기능장,국가기술자격,고용노동부
금형제작기능장,국가기술자격,산업통상자원부
판금기능장,국가기술자격,고용노동부
배관기능장,국가기술자격,고용노동부
계량전기산업기사,국가기술자격,산업자원부
전자회로설계산업기사,국가기술자격,지식경제부
산업위생관리산업기사,국가기술자격,고용노동부
제관기능장,국가기술자격,고용노동부
판금제관기능장,국가기술자격,고용노동부
용접기능장,국가기술자격,고용노동부
폐기물처리산업기사,국가기술자격,환경부
포장산업기사,국가기술자격,산업통상자원부
제품디자인산업기사,국가기술자격,산업통상자원부
공조냉동기계산업기사,국가기술자격,국토교통부
고분자제품제조산업기사,국가기술자격,고용노동부
화약류제조산업기사,국가기술자격,경찰청
실내건축산업기사,국가기술자격,국토교통부
정보처리산업기사,국가기술자격,과학기술정보통신부
정보기술산업기사,국가기술자격,지식경제부
건설재료시험산업기사,국가기술자격,국토교통부
방사선비파괴검사산업기사,국가기술자격,과학기술정보통신부
한식조리산업기사,국가기술자격,식품의약품안전처
패션디자인산업기사,국가기술자격,고용노동부
환경관리기사2급,국가기술자격,과학기술부
방사산업기사,국가기술자격,고용노동부
섬유디자인산업기사,국가기술자격,고용노동부
섬유기계산업기사,국가기술자격,고용노동부
"대기환경,수질환경산업기사",국가기술자격,환경부
전산응용토목제도기능사,국가기술자격,국토교통부
영림기사2급,국가기술자격,산림청
한복산업기사,국가기술자격,고용노동부
기계검사및설치기능사1급,국가기술자격,산업자원부
기계정비기능사1급,국가기술자격,고용노동부
정보통신설비다기능기술자,국가기술자격,정보통신부
정보기술다기능기술자,국가기술자격,정보통신부
인쇄기술다기능기술자,국가기술자격,고용노동부
귀금속공예다기능기술자,국가기술자격,고용노동부
패션디자인다기능기술자,국가기술자격,고용노동부
시각디자인다기능기술자,국가기술자격,고용노동부
산업디자인다기능기술자,국가기술자격,산업자원부
제지기능사1급,국가기술자격,고용노동부
선반기능사1급,국가기술자격,고용노동부
기계정비다기능기술자,국가기술자격,고용노동부
기계설계다기능기술자,국가기술자격,고용노동부
정밀계측다기능기술자,국가기술자격,고용노동부
자동차다기능기술자,국가기술자격,고용노동부
금형다기능기술자,국가기술자격,산업통상자원부
산업설비다기능기술자,국가기술자격,고용노동부
메카트로닉스다기능기술자,국가기술자격,고용노동부
금속다기능기술자,국가기술자격,고용노동부
화학분쇄혼합기능사1급,국가기술자격,고용노동부
화학열기기조작기능사1급,국가기술자격,고용노동부
화학분리기기조작기능사1급,국가기술자격,고용노동부
화학반응기기조작기능사1급,국가기술자격,고용노동부
화학유화기기조작기능사1급,국가기술자격,고용노동부
도자기기능사1급,국가기술자격,고용노동부
유리가공기능사1급,국가기술자격,고용노동부
전기다기능기술자,국가기술자격,산업자원부
전자다기능기술자,국가기술자격,산업자원부
정보처리기능장,국가기술자격,고용노동부
조리기능장,국가기술자격,식품의약품안전처
제과기능장,국가기술자격,식품의약품안전처
미용장,국가기술자격,보건복지부
이용장,국가기술자격,보건복지부
농예화학기능장,국가기술자격,고용노동부
귀금속가공기능장,국가기술자격,고용노동부
지형연판기능장,국가기술자격,고용노동부
인쇄기능장,국가기술자격,고용노동부
주조조판기기능장,국가기술자격,고용노동부
옵셋제판기능장,국가기술자격,고용노동부
침염기능장,국가기술자격,고용노동부
나염기능장,국가기술자격,고용노동부
철골기능장,국가기술자격,고용노동부
창호제작기능장,국가기술자격,고용노동부
건축목공기능장,국가기술자격,고용노동부
가구기능장,국가기술자격,고용노동부
건축목재시공기능장,국가기술자격,국토교통부
온돌기능장,국가기술자격,고용노동부
초음파비파괴검사산업기사,국가기술자격,과학기술정보통신부
침투비파괴검사산업기사,국가기술자격,과학기술정보통신부
기계가공기능장,국가기술자격,고용노동부
기어절삭기능장,국가기술자격,고용노동부
공구기능장,국가기술자격,고용노동부
금형기능장,국가기술자격,고용노동부
조적기능장,국가기술자격,고용노동부
철근기능장,국가기술자격,고용노동부
가스기능장,국가기술자격,산업통상자원부
전기공사기능장,국가기술자격,지식경제부
전자기기기능장,국가기술자격,고용노동부
소방설비산업기사(전기분야),국가기술자격,소방청
소음진동산업기사,국가기술자격,환경부
고압가스화학기능장,국가기술자격,고용노동부
금속재료시험기능장,국가기술자격,고용노동부
금속재료기능장,국가기술자격,산업통상자원부
제선기능장,국가기술자격,고용노동부
제강기능장,국가기술자격,고용노동부
코크스기능장,국가기술자격,고용노동부
압연기능장,국가기술자격,고용노동부
품질관리산업기사,국가기술자격,지식경제부
피아노조율산업기사,국가기술자격,고용노동부
소방설비산업기사(기계분야),국가기술자격,소방청
자기비파괴검사산업기사,국가기술자격,과학기술정보통신부
에너지관리기능장,국가기술자격,산업통상자원부
농업기계산업기사,국가기술자격,농촌진흥청
사출금형산업기사,국가기술자격,산업통상자원부
공조냉동기계기사,국가기술자격,국토교통부
프레스금형산업기사,국가기술자격,산업통상자원부
철도차량산업기사,국가기술자격,국토교통부
제판기사,국가기술자격,고용노동부
소방설비기사(기계분야),국가기술자격,소방청
소방설비기사,국가기술자격,행정안전부
"대기환경,수질환경,소음진동기사",국가기술자격,환경부
계량기사1급,국가기술자격,중소벤처기업부
대기환경기사,국가기술자격,환경부
유선설비기사1급,국가기술자격,정보통신부
용접산업기사,국가기술자격,고용노동부
자동차검사기사,국가기술자격,국토해양부
가스기사,국가기술자격,산업통상자원부
건축기사,국가기술자격,국토교통부
어로기사,국가기술자격,농림수산식품부
건축설비기사,국가기술자격,국토교통부
폐기물처리기사,국가기술자격,환경부
일반기계기사2급,국가기술자격,산업자원부
기계조립산업기사,국가기술자격,고용노동부
축산기사,국가기술자격,농림축산식품부
임산가공기사,국가기술자격,산림청
식품기사,국가기술자격,식품의약품안전처
수산제조기사,국가기술자격,해양수산부
승강기기사,국가기술자격,행정안전부
종자기사,국가기술자격,농촌진흥청
산림경영기사1급,국가기술자격,산림청
디자인및포장기사1급,국가기술자격,과학기술부
포장기사,국가기술자격,산업통상자원부
제품디자인기사,국가기술자격,산업통상자원부
시설원예기사,국가기술자격,농촌진흥청
시각디자인기사,국가기술자격,산업통상자원부
바이오화학제품제조기사,국가기술자격,산업통상자원부
폐기물처리기술사,국가기술자격,환경부
화약류관리기사,국가기술자격,경찰청
산업위생관리기사,국가기술자격,고용노동부
원동기검사기사1급,국가기술자격,산업자원부
공정관리기사,국가기술자격,지식경제부
해양공학기사,국가기술자격,해양수산부
해양생산관리기사,국가기술자격,농림수산식품부
광학기사,국가기술자격,산업통상자원부
계량기사1급(물리분야),국가기술자격,중소벤처기업부
기계안전기사1급,국가기술자격,고용노동부
화공안전기사1급,국가기술자격,고용노동부
전기안전기사1급,국가기술자격,고용노동부
산업안전기사,국가기술자격,고용노동부
건설안전기사,국가기술자격,고용노동부
측량및지형공간정보기사,국가기술자격,국토교통부
프레스금형설계기사,국가기술자격,산업통상자원부
철도차량기사,국가기술자격,국토교통부
지적기사,국가기술자격,국토교통부
인쇄기사,국가기술자격,고용노동부
해양기사1급,국가기술자격,국토교통부
해양환경기사,국가기술자격,해양수산부
해양자원개발기사,국가기술자격,해양수산부
건설기계설비기사,국가기술자격,국토교통부
건설기계정비기사,국가기술자격,국토교통부
일반기계기사,국가기술자격,산업통상자원부
용접기사,국가기술자격,고용노동부
도시계획기사,국가기술자격,국토교통부
환경관리기사1급,국가기술자격,과학기술부
조경기사,국가기술자격,국토교통부
농업기계기사,국가기술자격,농촌진흥청
사출금형설계기사,국가기술자격,산업통상자원부
소음진동기술사,국가기술자격,환경부
농화학기술사,국가기술자격,농촌진흥청
정보처리기사,국가기술자격,과학기술정보통신부
전자계산기기사,국가기술자격,과학기술정보통신부
전자계산기조직응용기사,국가기술자격,과학기술정보통신부
실내건축기사,국가기술자격,국토교통부
섬유기사1급,국가기술자격,고용노동부
교통기술사,국가기술자격,국토교통부
일반기계기사1급,국가기술자격,산업자원부
정밀기계기사1급,국가기술자격,산업자원부
핵연료기술사,국가기술자격,과학기술부
어병기사,국가기술자격,농림수산식품부
침투비파괴검사기사,국가기술자격,과학기술정보통신부
와전류비파괴검사기사,국가기술자격,과학기술정보통신부
비파괴검사기사1급(전자기침투),국가기술자격,과학기술정보통신부
수질환경기사,국가기술자격,환경부
소음진동기사,국가기술자격,환경부
누설비파괴검사기사,국가기술자격,과학기술정보통신부
"수산양식기사1급(1류,2류,3류,4류)",국가기술자격,해양수산부
기상기사,국가기술자격,기상청
의류기사,국가기술자격,고용노동부
광산기사1급,국가기술자격,산업자원부
소방설비기사(전기분야),국가기술자격,소방청
자기비파괴검사기사,국가기술자격,과학기술정보통신부
식물보호기사,국가기술자격,농촌진흥청
산림경영기사,국가기술자격,산림청
임업종묘기사,국가기술자격,산림청
농예화학기사1급,국가기술자격,농촌진흥청
건축일반시공산업기사,국가기술자격,국토교통부
조적산업기사,국가기술자격,국토해양부
건축목공산업기사,국가기술자격,국토교통부
섬유기사2급,국가기술자격,고용노동부
대기환경산업기사,국가기술자격,환경부
수질환경산업기사,국가기술자격,환경부
전자계산기조직응용산업기사,국가기술자격,지식경제부
지적기능산업기사,국가기술자격,국토해양부
광산기사2급,국가기술자격,산업자원부
방직산업기사,국가기술자격,고용노동부
섬유가공산업기사,국가기술자격,고용노동부
조선산업기사,국가기술자격,산업통상자원부
석재기사2급,국가기술자격,고용노동부
산림경영기사2급,국가기술자격,산림청
산림공학산업기사,국가기술자격,산림청
산림경영산업기사,국가기술자격,산림청
계량기사2급(물리분야),국가기술자격,중소벤처기업부
잠수산업기사,국가기술자격,해양수산부
건축산업기사,국가기술자격,국토교통부
건축설비산업기사,국가기술자격,국토교통부
전기산업기사,국가기술자격,산업통상자원부
전기공사산업기사,국가기술자격,산업통상자원부
전기기기산업기사,국가기술자격,고용노동부
산림산업기사,국가기술자격,산림청
농예화학기사2급,국가기술자격,농촌진흥청
축산산업기사,국가기술자격,농림축산식품부
임산가공산업기사,국가기술자격,산림청
식품산업기사,국가기술자격,식품의약품안전처
수산제조산업기사,국가기술자격,농림수산식품부
철도신호산업기사,국가기술자격,국토교통부
전자산업기사,국가기술자격,산업통상자원부
공업계기기사2급,국가기술자격,산업자원부
화약류관리산업기사,국가기술자격,경찰청
화약류관리기사2급,국가기술자격,행정안전부
종자산업기사,국가기술자격,농촌진흥청
가스산업기사,국가기술자격,산업통상자원부
항공산업기사,국가기술자격,국토교통부
선박기계기사2급,국가기술자격,고용노동부
토목산업기사,국가기술자격,국토교통부
건축시공기사2급,국가기술자격,건설교통부
주조산업기사,국가기술자격,고용노동부
표면처리산업기사,국가기술자격,고용노동부
화공기사2급,국가기술자격,과학기술부
공업화학기사2급,국가기술자격,과학기술부
시각디자인산업기사,국가기술자격,산업통상자원부
건설안전산업기사,국가기술자격,고용노동부
제관산업기사,국가기술자격,고용노동부
정밀기계기사2급,국가기술자격,과학기술부
금속기사2급,국가기술자격,고용노동부
승강기산업기사,국가기술자격,행정안전부
자동차검사산업기사,국가기술자격,국토해양부
디자인및포장기사2급,국가기술자격,과학기술부
측량및지형공간정보산업기사,국가기술자격,국토교통부
지적산업기사,국가기술자격,국토교통부
금속재료산업기사,국가기술자격,산업통상자원부
치공구설계산업기사,국가기술자격,고용노동부
해양조사산업기사,국가기술자격,해양수산부
기계안전기사2급,국가기술자격,고용노동부
화공안전기사2급,국가기술자격,고용노동부
전기안전기사2급,국가기술자격,고용노동부
산업안전산업기사,국가기술자격,고용노동부
조경산업기사,국가기술자격,국토교통부
전자계산기산업기사,국가기술자격,지식경제부
자동차정비산업기사,국가기술자격,국토교통부
메카트로닉스산업기사,국가기술자격,고용노동부
건설기계설비산업기사,국가기술자격,국토교통부
배관산업기사,국가기술자격,고용노동부
철도동력차기관정비산업기사,국가기술자격,국토해양부
철도동력차전기정비산업기사,국가기술자격,국토해양부
객화차정비산업기사,국가기술자격,국토해양부
방사선비파괴검사기사,국가기술자격,과학기술정보통신부
초음파비파괴검사기사,국가기술자격,과학기술정보통신부
철도신호기사,국가기술자격,국토교통부
전기철도기사,국가기술자격,국토교통부
보일러산업기사,국가기술자격,산업통상자원부
건설기계정비산업기사,국가기술자격,국토교통부
기계설계산업기사,국가기술자격,고용노동부
전산응용가공산업기사,국가기술자격,고용노동부
건설재료시험기사,국가기술자격,국토교통부
교통기사,국가기술자격,국토교통부
철도토목기사,국가기술자격,국토교통부
생산자동화산업기사,국가기술자격,고용노동부
기계정비산업기사,국가기술자격,고용노동부
임상심리사1급,국가기술자격,보건복지부
임상심리사2급,국가기술자격,보건복지부
텔레마케팅관리사,국가기술자격,고용노동부
멀티미디어콘텐츠제작전문가,국가기술자격,과학기술정보통신부
전자기술사(전자음향),국가기술자격,과학기술부
전자응용기술사,국가기술자격,과학기술정보통신부
전기통신기술사,국가기술자격,정보통신부
발송배전기술사,국가기술자격,산업통상자원부
소방기술사,국가기술자격,소방청
천장크레인운전기능사,국가기술자격,고용노동부
플랜트배관기능사,국가기술자격,고용노동부
동력기계정비기능사,국가기술자격,산업통상자원부
응용지질기사,국가기술자격,산업통상자원부
사무자동화산업기사,국가기술자격,과학기술정보통신부
플라스틱창호기능사,국가기술자격,국토교통부
소비자전문상담사1급,국가기술자격,공정거래위원회
전기기기기술사,국가기술자격,과학기술부
전기응용기술사,국가기술자격,산업통상자원부
전기기술사(전기재료),국가기술자격,과학기술부
철도신호기술사,국가기술자격,국토교통부
화공기술사(섬유소),국가기술자격,과학기술부
고분자제품기술사,국가기술자격,과학기술부
양복기능사(양복패턴),국가기술자격,고용노동부
양장기능사(양장봉제),국가기술자격,고용노동부
양장기능사(양장패턴),국가기술자격,고용노동부
콘크리트기사,국가기술자격,국토교통부
화훼장식기능사,국가기술자격,농림축산식품부
농림토양평가관리기사,국가기술자격,농림수산식품부
농림토양평가관리산업기사,국가기술자격,농림축산식품부
웹디자인기능사,국가기술자격,산업통상자원부
화공기술사(전기화학),국가기술자격,과학기술부
공업화학기술사,국가기술자격,과학기술부
화학공장설계기술사,국가기술자격,과학기술부
비철야금기술사,국가기술자격,교육과학기술부
자연생태복원기사,국가기술자격,환경부
자연생태복원산업기사,국가기술자격,환경부
생물분류기사,국가기술자격,환경부
토양환경기사,국가기술자격,환경부
토양환경기술사,국가기술자격,환경부
자연환경관리기술사,국가기술자격,환경부
궤도장비정비기사,국가기술자격,국방부
궤도장비정비산업기사,국가기술자격,국방부
궤도장비정비기능사,국가기술자격,국방부
금속재료기술사,국가기술자격,산업통상자원부
표면처리기술사,국가기술자격,과학기술정보통신부
금속가공기술사,국가기술자격,과학기술정보통신부
화공기술사(화학비료),국가기술자격,과학기술부
화공기술사(무기약품),국가기술자격,과학기술부
차량기술사,국가기술자격,과학기술정보통신부
기계기술사(냉난방및냉동기계),국가기술자격,과학기술부
유기농업기사,국가기술자격,농림축산식품부
유기농업산업기사,국가기술자격,농림축산식품부
생물분류기사(식물),국가기술자격,환경부
생물분류기사(동물),국가기술자격,환경부
인간공학기술사,국가기술자격,고용노동부
인간공학기사,국가기술자격,고용노동부
공조냉동기계기술사,국가기술자격,국토교통부
건설기계기술사,국가기술자격,국토교통부
염색가공기사,국가기술자격,고용노동부
방사기사,국가기술자격,고용노동부
대기관리기술사,국가기술자격,환경부
수질관리기술사,국가기술자격,환경부
축산기술사,국가기술자격,농림축산식품부
기계공정설계기술사,국가기술자격,교육과학기술부
선박기계기사1급,국가기술자격,고용노동부
항공기사,국가기술자격,국토교통부
토목기사,국가기술자격,국토교통부
건축구조기사1급,국가기술자격,건설교통부
건축설비기사1급,국가기술자격,건설교통부
건축시공기사1급,국가기술자격,건설교통부
석재기사1급,국가기술자격,고용노동부
공업계기기사1급,국가기술자격,산업자원부
에너지기술사(원자로계측),국가기술자격,과학기술부
수산제조기술사,국가기술자격,해양수산부
응용지질기술사,국가기술자격,과학기술부
지구물리기술사,국가기술자격,과학기술부
제품디자인기술사,국가기술자격,산업통상자원부
화약류관리기사1급,국가기술자격,행정안전부
종자기술사,국가기술자격,농촌진흥청
시설원예기술사,국가기술자격,농촌진흥청
산업응용기술사(농예화학),국가기술자격,과학기술부
세라믹기술사,국가기술자격,과학기술정보통신부
식품기술사,국가기술자격,식품의약품안전처
토목품질시험기술사,국가기술자격,국토교통부
전기기사,국가기술자격,산업통상자원부
전기공사기사,국가기술자격,산업통상자원부
전자기사,국가기술자격,산업통상자원부
금속기사,국가기술자격,고용노동부
비파괴검사기술사,국가기술자격,과학기술정보통신부
산업위생관리기술사,국가기술자격,고용노동부
가스기술사,국가기술자격,산업통상자원부
공장관리기술사,국가기술자격,산업통상자원부
품질관리기술사,국가기술자격,산업통상자원부
화공기사,국가기술자격,고용노동부
공업화학기사,국가기술자격,고용노동부
화약류제조기사,국가기술자격,경찰청
치공구설계기사,국가기술자격,고용노동부
포장기술사,국가기술자격,산업통상자원부
기계안전기술사,국가기술자격,고용노동부
화공안전기술사,국가기술자격,고용노동부
전기안전기술사,국가기술자격,고용노동부
건설안전기술사,국가기술자격,고용노동부
금속기사1급,국가기술자격,고용노동부
측량및지형공간정보기술사,국가기술자격,국토교통부
지적기술사,국가기술자격,국토교통부
해양기술사,국가기술자격,해양수산부
수산양식기술사,국가기술자격,해양수산부
어로기술사,국가기술자격,해양수산부
도시계획기술사,국가기술자격,국토교통부
전자캐드기능사,국가기술자격,고용노동부
"대기관리,수질관리,소음진동기술사",국가기술자격,환경부
자동차정비기사,국가기술자격,국토교통부
정보관리기술사,국가기술자격,과학기술정보통신부
조경기술사,국가기술자격,국토교통부
정보처리기술사(정보처리),국가기술자격,과학기술부
기계기술사(기계공작및공작기계),국가기술자격,과학기술부
용접기술사,국가기술자격,과학기술정보통신부
금형기술사,국가기술자격,산업통상자원부
기계기술사(열원동기),국가기술자격,과학기술부
정보처리기술사(수학응용),국가기술자격,과학기술부
전자계산조직응용기술사,국가기술자격,지식경제부
의류기술사,국가기술자격,과학기술정보통신부
유체기계기술사,국가기술자격,과학기술부
기계기술사(정밀기계),국가기술자격,과학기술부
기계제작기술사,국가기술자격,교육과학기술부
탐사기술사,국가기술자격,과학기술부
지하자원처리기술사,국가기술자격,과학기술부
화약류관리기술사,국가기술자격,경찰청
건축품질시험기술사,국가기술자격,국토교통부
방사기술사,국가기술자격,교육과학기술부
옵셋제판기능사보,국가기술자격,고용노동부
냉동식품제조기능사보,국가기술자격,보건복지부
통조림제조기능사보,국가기술자격,보건복지부
어간유제조기능사보,국가기술자격,해양수산부
제포기술사,국가기술자격,과학기술부
염색가공기술사,국가기술자격,교육과학기술부
디지털제어산업기사,국가기술자격,지식경제부
화공기술사(유기화학제품),국가기술자격,과학기술부
한천제조기능사보,국가기술자격,해양수산부
전신단말기기기능사보,국가기술자격,정보통신부
전화단말기기기능사보,국가기술자격,정보통신부
건축구조기술사,국가기술자격,국토교통부
건축기술사(건축설비),국가기술자격,국토교통부
건축기계설비기술사,국가기술자격,국토교통부
건축전기설비기술사,국가기술자격,국토교통부
건축시공기술사,국가기술자격,국토교통부
전기철도기술사,국가기술자격,국토교통부
토목기술사(수자원),국가기술자격,과학기술부
교환기스윗치조정기능사보,국가기술자격,정보통신부
토목기술사(에너지토목),국가기술자격,과학기술부
수자원개발기술사,국가기술자격,환경부
상하수도기술사,국가기술자격,환경부
농어업토목기술사,국가기술자격,국토교통부
토목시공기술사,국가기술자격,국토교통부
토질및기초기술사,국가기술자격,국토교통부
지질및지반기술사,국가기술자격,국토교통부
메카트로닉스기능사,국가기술자격,고용노동부
토목구조기술사,국가기술자격,국토교통부
항만및해안기술사,국가기술자격,국토교통부
도로및공항기술사,국가기술자격,국토교통부
철도기술사,국가기술자격,국토교통부
철도차량기술사,국가기술자격,국토교통부
선박건조기술사,국가기술자격,과학기술부
생산자동화기능사,국가기술자격,고용노동부
공유압기능사,국가기술자격,고용노동부
패션머천다이징산업기사,국가기술자격,산업통상자원부
항로표지기사,국가기술자격,해양수산부
항로표지산업기사,국가기술자격,해양수산부
항로표지기능사,국가기술자격,해양수산부
컬러리스트기사,국가기술자격,산업통상자원부
컬러리스트산업기사,국가기술자격,산업통상자원부
제품응용모델링기능사,국가기술자격,산업통상자원부
기상예보기술사,국가기술자격,기상청
조선기술사(기관),국가기술자격,과학기술부
조선기술사(검사),국가기술자격,과학기술부
선박기계기술사,국가기술자격,과학기술부
항공기체기술사,국가기술자격,과학기술정보통신부
항공기관기술사,국가기술자격,과학기술정보통신부
항공기술사(항공장비),국가기술자격,과학기술부
전자계산기기술사,국가기술자격,지식경제부
전자기술사(전자재료),국가기술자격,과학기술부
전자출판기능사,국가기술자격,문화체육관광부
컨벤션기획사1급,국가기술자격,문화체육관광부
화공기술사(연료및윤활유),국가기술자격,과학기술부
소비자전문상담사2급,국가기술자격,공정거래위원회
전기기능장,국가기술자격,산업통상자원부
판금기능사,국가기술자격,고용노동부
배관기능사,국가기술자격,고용노동부
표면처리기능사,국가기술자격,고용노동부
식품가공기능사,국가기술자격,식품의약품안전처
전기기능사,국가기술자격,산업통상자원부
원예기능사,국가기술자격,농촌진흥청
철도운송산업기사,국가기술자격,국토교통부
온돌기능사보,국가기술자격,고용노동부
임산가공기술사,국가기술자격,산림청
산림기술사,국가기술자격,산림청
철골기능사보,국가기술자격,고용노동부
창호제작기능사보,국가기술자격,국토교통부
초상사진기능사보,국가기술자격,고용노동부
상업사진기능사보,국가기술자격,고용노동부
보도사진기능사보,국가기술자격,고용노동부
유선설비기능사보,국가기술자격,정보통신부
전신전화기기기능사보,국가기술자격,정보통신부
문선식자기능사보,국가기술자격,고용노동부
금속재료기사,국가기술자격,산업통상자원부
전자계산기제어산업기사,국가기술자격,과학기술정보통신부
컴퓨터응용선반기능사,국가기술자격,고용노동부
컴퓨터응용밀링기능사,국가기술자격,고용노동부
철도차량정비기능사,국가기술자격,국토교통부
압연기능사,국가기술자격,고용노동부
피복아크용접기능사,국가기술자격,고용노동부
어업생산관리기사,국가기술자격,해양수산부
에너지관리기사,국가기술자격,산업통상자원부
에너지관리산업기사,국가기술자격,산업통상자원부
철야금기술사,국가기술자격,교육과학기술부
화훼장식기사,국가기술자격,농림축산식품부
스포츠경영관리사,국가기술자격,문화체육관광부
산업계측제어기술사,국가기술자격,과학기술정보통신부
위험물산업기사,국가기술자격,소방청
위험물기능장,국가기술자격,소방청
유기농업기능사,국가기술자격,농림축산식품부
기편기능사보,국가기술자격,고용노동부
수편기능사보,국가기술자격,고용노동부
수자수기능사보,국가기술자격,고용노동부
위험물기능사(제1류),국가기술자격,소방청
위험물기능사(제2류),국가기술자격,소방청
위험물기능사(제3류),국가기술자격,소방청
위험물기능사(제4류),국가기술자격,소방청
위험물기능사(제5류),국가기술자격,소방청
위험물기능사(제6류),국가기술자격,소방청
양복기능사(양복봉제),국가기술자격,고용노동부
섬유물리기사,국가기술자격,고용노동부
기계자수기능사보,국가기술자격,고용노동부
나전칠기기능사보,국가기술자격,고용노동부
섬유화학기사,국가기술자격,고용노동부
섬유물리산업기사,국가기술자격,고용노동부
섬유화학산업기사,국가기술자격,고용노동부
정보처리기능사(상시),국가기술자격,정보통신부
자동차보수도장기능사,국가기술자격,국토교통부
설비보전기사,국가기술자격,산업통상자원부
설비보전기능사,국가기술자격,산업통상자원부
전자부품장착산업기사,국가기술자격,산업통상자원부
전자부품장착기능사,국가기술자격,산업통상자원부
화학분석기사,국가기술자격,산업통상자원부
타워크레인운전기능사,국가기술자격,국토교통부
반도체설계산업기사,국가기술자격,산업통상자원부
컨벤션기획사2급,국가기술자격,문화체육관광부
산업기계설비기술사,국가기술자격,과학기술정보통신부
화공기술사,국가기술자격,과학기술정보통신부
조선기술사,국가기술자격,산업통상자원부
섬유공정기술사,국가기술자격,교육과학기술부
기계설계기사,국가기술자격,고용노동부
직업상담사1급,국가기술자격,고용노동부
음향영상기기기능사보,국가기술자격,고용노동부
통신나선기능사보,국가기술자격,정보통신부
섬유기계기사,국가기술자격,고용노동부
품질경영기사,국가기술자격,산업통상자원부
의료전자기능사,국가기술자격,보건복지부
의공산업기사,국가기술자격,보건복지부
의공기사,국가기술자격,보건복지부
미용사(일반),국가기술자격,보건복지부
미용사(피부),국가기술자격,보건복지부
통신케이블기능사보,국가기술자격,정보통신부
제지기능사보,국가기술자격,고용노동부
전기기기(1)기능사보,국가기술자격,고용노동부
전기기기(2)기능사보,국가기술자격,고용노동부
전기철도산업기사,국가기술자격,국토교통부
열처리기능사보,국가기술자격,고용노동부
주물용해기능사보,국가기술자격,고용노동부
산림기사,국가기술자격,산림청
판금제관산업기사,국가기술자격,고용노동부
컴퓨터응용가공산업기사,국가기술자격,고용노동부
품질경영산업기사,국가기술자격,산업통상자원부
화학분쇄혼합기능사보,국가기술자격,고용노동부
화학열기기조작기능사보,국가기술자격,고용노동부
화학분리기기조작기능사보,국가기술자격,고용노동부
화학반응기기조작기능사보,국가기술자격,고용노동부
화학유화기기조작기능사보,국가기술자격,고용노동부
금속기사(제련분야),국가기술자격,고용노동부
경매사(수산),국가전문자격,농림축산식품부
경매사(축산),국가전문자격,농림축산식품부
경매사(약용),국가전문자격,농림축산식품부
관광통역안내사(태국어),국가전문자격,문화체육관광부
관광통역안내사(아랍어),국가전문자격,문화체육관광부
관광통역안내사(베트남어),국가전문자격,문화체육관광부
관광통역안내사(말레이/인도네시아어),국가전문자격,문화체육관광부
경매사(화훼),국가전문자격,농림축산식품부
경매사(양곡),국가전문자격,농림축산식품부
관광통역안내사(이탈리아어),국가전문자격,문화체육관광부
경매사(청과),국가전문자격,농림축산식품부
1급 청소년지도사,국가전문자격,여성가족부
2급 청소년지도사,국가전문자격,여성가족부
3급 청소년지도사,국가전문자격,여성가족부
1급 청소년상담사,국가전문자격,여성가족부
2급 청소년상담사,국가전문자격,여성가족부
3급 청소년상담사,국가전문자격,여성가족부
기계기술사,국가기술자격,과학기술정보통신부
컴퓨터시스템응용기술사,국가기술자격,과학기술정보통신부
섬유기술사,국가기술자격,과학기술정보통신부
금형기능사,국가기술자격,산업통상자원부
건설기계정비기능사,국가기술자격,국토교통부
판금제관기능사,국가기술자격,고용노동부
기상감정기사,국가기술자격,기상청
재료조직평가산업기사,국가기술자격,산업통상자원부
섬유기사,국가기술자격,고용노동부
에너지관리기능사,국가기술자격,산업통상자원부
위험물기능사,국가기술자격,소방청
컨테이너크레인운전기능사,국가기술자격,해양수산부
원예종묘기능사2급,국가기술자격,농촌진흥청
섬유산업기사,국가기술자격,고용노동부
철도전기신호기능사,국가기술자격,국토교통부
광학기기산업기사,국가기술자격,산업통상자원부
금속제련기술사,국가기술자격,과학기술정보통신부
산업안전지도사(건설안전),국가전문자격,고용노동부
산업안전지도사(화공안전),국가전문자격,고용노동부
신재생에너지발전설비기사(태양광),국가기술자격,산업통상자원부
신재생에너지발전설비기능사(태양광),국가기술자격,산업통상자원부
원예종묘기사2급,국가기술자격,농촌진흥청
그린전동자동차기사,국가기술자격,산업통상자원부
문화재수리기능자(온돌공),국가전문자격,문화재청
문화재수리기능자(모사공),국가전문자격,문화재청
라디오텔레비기능사2급,국가기술자격,고용노동부
수산물품질관리사,국가전문자격,해양수산부
산업보건지도사(직업환경의학),국가전문자격,고용노동부
산업보건지도사(산업위생공학),국가전문자격,고용노동부
임베디드기사,국가기술자격,산업통상자원부
국제의료관광코디네이터,국가기술자격,보건복지부
원예종묘기사1급,국가기술자격,농촌진흥청
반도체장비유지보수기능사,국가기술자격,산업통상자원부
미용사(네일),국가기술자격,보건복지부
건설기계기사1급,국가기술자격,국토교통부
미용사(메이크업),국가기술자격,보건복지부
산업안전지도사(기계안전),국가전문자격,고용노동부
외국어번역행정사,국가전문자격,행정안전부
손해평가사,국가전문자격,농림축산식품부
신재생에너지발전설비산업기사(태양광),국가기술자격,산업통상자원부
화재감식평가산업기사,국가기술자격,소방청
해사행정사,국가전문자격,행정안전부
천공기운전기능사,국가기술자격,국토교통부
온실가스관리기사,국가기술자격,환경부
산업안전지도사(전기안전),국가전문자격,고용노동부
화재감식평가기사,국가기술자격,소방청
방수산업기사,국가기술자격,국토교통부
일반행정사,국가전문자격,행정안전부
온실가스관리산업기사,국가기술자격,환경부
이산화탄소가스아크용접기능사,국가기술자격,고용노동부
기술지도사(정보기술관리),국가전문자격,중소벤처기업부
기계기술사(교통차량),국가기술자격,과학기술부
조선선체기사,국가기술자격,산업통상자원부
조선의장기사,국가기술자격,산업통상자원부
한복기능장,국가기술자격,문화체육관광부
공간정보융합산업기사,국가기술자격,국토교통부
공간정보융합기능사,국가기술자격,국토교통부
제빵산업기사,국가기술자격,식품의약품안전처
항공전기·전자정비기능사,국가기술자격,국토교통부
건축배관기능사2급,국가기술자격,고용노동부
화훼장식산업기사,국가기술자격,농림축산식품부
방재기사,국가기술자격,행정안전부
정밀화학기사,국가기술자격,고용노동부
로봇소프트웨어개발기사,국가기술자격,산업통상자원부
보석감정산업기사,국가기술자격,고용노동부
이러닝운영관리사,국가기술자격,산업통상자원부
항공기정비기능사,국가기술자격,국토교통부
가스텅스텐아크용접기능사,국가기술자격,고용노동부
3D프린터운용기능사,국가기술자격,과학기술정보통신부
식육가공기사,국가기술자격,농림축산식품부
기술지도사(기술혁신관리),국가전문자격,중소벤처기업부
바이오화학제품제조산업기사,국가기술자격,산업통상자원부
버섯산업기사,국가기술자격,농촌진흥청
농작업안전보건기사,국가기술자격,농림축산식품부
신발산업기사,국가기술자격,산업통상자원부
로봇하드웨어개발기사,국가기술자격,산업통상자원부
잠수기능장,국가기술자격,해양수산부
환경위해관리기사,국가기술자격,환경부
채소재배기능사2급,국가기술자격,농촌진흥청
측지기사2급,국가기술자격,건설부
로봇기구개발기사,국가기술자격,산업통상자원부
